{"fonts/NotoSansSC-Bold.ttf":["fonts/NotoSansSC-Bold.ttf"],"fonts/NotoSansSC-Light.ttf":["fonts/NotoSansSC-Light.ttf"],"fonts/NotoSansSC-Medium.ttf":["fonts/NotoSansSC-Medium.ttf"],"fonts/NotoSansSC-Regular.ttf":["fonts/NotoSansSC-Regular.ttf"],"fonts/NotoSansSC-SemiBold.ttf":["fonts/NotoSansSC-SemiBold.ttf"],"packages/client_tools/assets/images/app-logo.png":["packages/client_tools/assets/images/app-logo.png"],"packages/client_tools/assets/images/card-back-old.png":["packages/client_tools/assets/images/card-back-old.png"],"packages/client_tools/assets/images/college-card-back.png":["packages/client_tools/assets/images/college-card-back.png"],"packages/client_tools/assets/images/colleges/brown.png":["packages/client_tools/assets/images/colleges/brown.png"],"packages/client_tools/assets/images/colleges/bu.png":["packages/client_tools/assets/images/colleges/bu.png"],"packages/client_tools/assets/images/colleges/caltech.png":["packages/client_tools/assets/images/colleges/caltech.png"],"packages/client_tools/assets/images/colleges/cmu.png":["packages/client_tools/assets/images/colleges/cmu.png"],"packages/client_tools/assets/images/colleges/columbia.png":["packages/client_tools/assets/images/colleges/columbia.png"],"packages/client_tools/assets/images/colleges/cornell.png":["packages/client_tools/assets/images/colleges/cornell.png"],"packages/client_tools/assets/images/colleges/dartmouth.png":["packages/client_tools/assets/images/colleges/dartmouth.png"],"packages/client_tools/assets/images/colleges/duke.png":["packages/client_tools/assets/images/colleges/duke.png"],"packages/client_tools/assets/images/colleges/emory.png":["packages/client_tools/assets/images/colleges/emory.png"],"packages/client_tools/assets/images/colleges/gatech.png":["packages/client_tools/assets/images/colleges/gatech.png"],"packages/client_tools/assets/images/colleges/harvard.png":["packages/client_tools/assets/images/colleges/harvard.png"],"packages/client_tools/assets/images/colleges/illinois.png":["packages/client_tools/assets/images/colleges/illinois.png"],"packages/client_tools/assets/images/colleges/jhu.png":["packages/client_tools/assets/images/colleges/jhu.png"],"packages/client_tools/assets/images/colleges/madison.png":["packages/client_tools/assets/images/colleges/madison.png"],"packages/client_tools/assets/images/colleges/mit.png":["packages/client_tools/assets/images/colleges/mit.png"],"packages/client_tools/assets/images/colleges/northwestern.png":["packages/client_tools/assets/images/colleges/northwestern.png"],"packages/client_tools/assets/images/colleges/notredame.png":["packages/client_tools/assets/images/colleges/notredame.png"],"packages/client_tools/assets/images/colleges/nyu.png":["packages/client_tools/assets/images/colleges/nyu.png"],"packages/client_tools/assets/images/colleges/pineapple.png":["packages/client_tools/assets/images/colleges/pineapple.png"],"packages/client_tools/assets/images/colleges/princeton.png":["packages/client_tools/assets/images/colleges/princeton.png"],"packages/client_tools/assets/images/colleges/rice.png":["packages/client_tools/assets/images/colleges/rice.png"],"packages/client_tools/assets/images/colleges/rochester.png":["packages/client_tools/assets/images/colleges/rochester.png"],"packages/client_tools/assets/images/colleges/stanford.png":["packages/client_tools/assets/images/colleges/stanford.png"],"packages/client_tools/assets/images/colleges/tufts.png":["packages/client_tools/assets/images/colleges/tufts.png"],"packages/client_tools/assets/images/colleges/ucb.png":["packages/client_tools/assets/images/colleges/ucb.png"],"packages/client_tools/assets/images/colleges/ucd.png":["packages/client_tools/assets/images/colleges/ucd.png"],"packages/client_tools/assets/images/colleges/uchicago.png":["packages/client_tools/assets/images/colleges/uchicago.png"],"packages/client_tools/assets/images/colleges/ucla.png":["packages/client_tools/assets/images/colleges/ucla.png"],"packages/client_tools/assets/images/colleges/ucsb.png":["packages/client_tools/assets/images/colleges/ucsb.png"],"packages/client_tools/assets/images/colleges/ucsd.png":["packages/client_tools/assets/images/colleges/ucsd.png"],"packages/client_tools/assets/images/colleges/unc.png":["packages/client_tools/assets/images/colleges/unc.png"],"packages/client_tools/assets/images/colleges/upenn.png":["packages/client_tools/assets/images/colleges/upenn.png"],"packages/client_tools/assets/images/colleges/vanderbilt.png":["packages/client_tools/assets/images/colleges/vanderbilt.png"],"packages/client_tools/assets/images/colleges/yale.png":["packages/client_tools/assets/images/colleges/yale.png"],"packages/client_tools/assets/images/default-profile-image.png":["packages/client_tools/assets/images/default-profile-image.png"]}